t,phase,method,p_true,coverage,avg_length,reject_rate,lb_mean,ub_mean,lb_var,ub_var,len_mean,len_var,T,T0,n,p_hat,delta,n_sim,conf_level,alpha_nominal,scenario,scenario_slug,scenario_n,scenario_p
1,pre_drift,jeffreys,0.01,0.9455,0.003898917920342907,0.0545,0.008182066647623559,0.012080984567966302,8.293444218416212e-07,1.2218017795118227e-06,0.003898917920342907,3.794622114448259e-08,68,24,10000,0.01,0.01,10000,0.95,0.050000000000000044,Large Sample,large_sample,10000,0.01
2,pre_drift,jeffreys,0.01,0.9531,0.00390337713906593,0.0469,0.008202040790668498,0.012105417929734257,8.046471964608533e-07,1.1843796788687155e-06,0.00390337713906593,3.6633611694354253e-08,68,24,10000,0.01,0.01,10000,0.95,0.050000000000000044,Large Sample,large_sample,10000,0.01
3,pre_drift,jeffreys,0.01,0.9488,0.0038972841869806233,0.0512,0.008173826086964292,0.012071110273944712,8.06998637801649e-07,1.1897901098031232e-06,0.0038972841869806233,3.7086268769791786e-08,68,24,10000,0.01,0.01,10000,0.95,0.050000000000000044,Large Sample,large_sample,10000,0.01
4,pre_drift,jeffreys,0.01,0.951,0.0038970666886298296,0.049,0.008172525244999142,0.012069591933628786,8.010486815463239e-07,1.180230080412661e-06,0.0038970666886298296,3.6670736921425885e-08,68,24,10000,0.01,0.01,10000,0.95,0.050000000000000044,Large Sample,large_sample,10000,0.01
5,pre_drift,jeffreys,0.01,0.9479,0.0039012202801367957,0.0521,0.008192392237331956,0.012093612517468546,8.161610990460637e-07,1.20209825746028e-06,0.0039012202801367957,3.729333819197983e-08,68,24,10000,0.01,0.01,10000,0.95,0.050000000000000044,Large Sample,large_sample,10000,0.01
6,pre_drift,jeffreys,0.01,0.9493,0.0038978524107854563,0.0507,0.008176291206801014,0.012074143617586242,8.04981078045695e-07,1.1857310330068438e-06,0.0038978524107854563,3.680112389321081e-08,68,24,10000,0.01,0.01,10000,0.95,0.050000000000000044,Large Sample,large_sample,10000,0.01
7,pre_drift,jeffreys,0.01,0.9495,0.003902160845898726,0.0505,0.00819632072523896,0.01209848157113752,8.024216005479809e-07,1.181510659280569e-06,0.003902160845898726,3.660305335394178e-08,68,24,10000,0.01,0.01,10000,0.95,0.050000000000000044,Large Sample,large_sample,10000,0.01
8,pre_drift,jeffreys,0.01,0.9492,0.003901787596273948,0.0508,0.008195297671389828,0.012097085267663591,8.244165690737278e-07,1.2141486410733053e-06,0.003901787596273948,3.76529388058873e-08,68,24,10000,0.01,0.01,10000,0.95,0.050000000000000044,Large Sample,large_sample,10000,0.01
9,pre_drift,jeffreys,0.01,0.9484,0.003898023897699608,0.0516,0.00817752507767835,0.012075548975377798,8.169324965108082e-07,1.203808323942525e-06,0.003898023897699608,3.7428452218532946e-08,68,24,10000,0.01,0.01,10000,0.95,0.050000000000000044,Large Sample,large_sample,10000,0.01
10,pre_drift,jeffreys,0.01,0.9502,0.0039010560803521954,0.0498,0.008191414640133352,0.012092470720485304,8.066690881330891e-07,1.188897748502141e-06,0.0039010560803521954,3.699619072105265e-08,68,24,10000,0.01,0.01,10000,0.95,0.050000000000000044,Large Sample,large_sample,10000,0.01
11,pre_drift,jeffreys,0.01,0.9514,0.0039015042601062205,0.0486,0.008193649855724676,0.012095154115830712,8.162441669453839e-07,1.2015901425311605e-06,0.0039015042601062205,3.718519292112282e-08,68,24,10000,0.01,0.01,10000,0.95,0.050000000000000044,Large Sample,large_sample,10000,0.01
12,pre_drift,jeffreys,0.01,0.9521,0.0038982361366092276,0.0479,0.008178058790074697,0.012076294926683682,8.028217510026631e-07,1.1829084246639055e-06,0.0038982361366092276,3.676383036056042e-08,68,24,10000,0.01,0.01,10000,0.95,0.050000000000000044,Large Sample,large_sample,10000,0.01
13,pre_drift,jeffreys,0.01,0.9526,0.003898614023657794,0.0474,0.00817932944906485,0.012077943472722466,7.890292626416622e-07,1.1620718070299674e-06,0.003898614023657794,3.604159865009829e-08,68,24,10000,0.01,0.01,10000,0.95,0.050000000000000044,Large Sample,large_sample,10000,0.01
14,pre_drift,jeffreys,0.01,0.9501,0.0039025081473352025,0.0499,0.008198066528730733,0.01210057467606571,8.062264466127957e-07,1.187099831575204e-06,0.0039025081473352025,3.6775440090644455e-08,68,24,10000,0.01,0.01,10000,0.95,0.050000000000000044,Large Sample,large_sample,10000,0.01
15,pre_drift,jeffreys,0.01,0.9515,0.0038998369672489383,0.0485,0.008185386084833605,0.012085223052082362,8.008004790438955e-07,1.1790916393976457e-06,0.0038998369672489383,3.6523054817739556e-08,68,24,10000,0.01,0.01,10000,0.95,0.050000000000000044,Large Sample,large_sample,10000,0.01
16,pre_drift,jeffreys,0.01,0.9505,0.003903961656999014,0.0495,0.008204987609827286,0.012108949266826156,8.103342189429001e-07,1.1929955000438742e-06,0.003903961656999014,3.693620282419212e-08,68,24,10000,0.01,0.01,10000,0.95,0.050000000000000044,Large Sample,large_sample,10000,0.01
17,pre_drift,jeffreys,0.01,0.952,0.0038976378666593695,0.048,0.00817534877392706,0.012072986640586245,8.067874094553522e-07,1.1884328123107336e-06,0.0038976378666593695,3.688956724264315e-08,68,24,10000,0.01,0.01,10000,0.95,0.050000000000000044,Large Sample,large_sample,10000,0.01
18,pre_drift,jeffreys,0.01,0.9523,0.003902743754642261,0.0477,0.00819915838345894,0.01210190213810102,8.055930322650219e-07,1.1862441933180442e-06,0.003902743754642261,3.675896822165712e-08,68,24,10000,0.01,0.01,10000,0.95,0.050000000000000044,Large Sample,large_sample,10000,0.01
19,pre_drift,jeffreys,0.01,0.9524,0.003902669525517947,0.0476,0.008198785615024544,0.012101455140542283,8.054067513025106e-07,1.1858082207646568e-06,0.003902669525517947,3.672166372184775e-08,68,24,10000,0.01,0.01,10000,0.95,0.050000000000000044,Large Sample,large_sample,10000,0.01
20,pre_drift,jeffreys,0.01,0.9506,0.0039015974655861583,0.0494,0.008194193081437368,0.012095790547023358,8.171223346698083e-07,1.2035569209228934e-06,0.0039015974655861583,3.734389366984078e-08,68,24,10000,0.01,0.01,10000,0.95,0.050000000000000044,Large Sample,large_sample,10000,0.01
21,pre_drift,jeffreys,0.01,0.945,0.003906338222164019,0.055,0.008216525719457102,0.012122863941620954,8.231959193983419e-07,1.2118577073076968e-06,0.003906338222164019,3.751180790725637e-08,68,24,10000,0.01,0.01,10000,0.95,0.050000000000000044,Large Sample,large_sample,10000,0.01
22,pre_drift,jeffreys,0.01,0.9493,0.0039017061154963564,0.0507,0.008194358704203911,0.012096064819700094,8.070066264250294e-07,1.188458976342585e-06,0.0039017061154963564,3.68464004109126e-08,68,24,10000,0.01,0.01,10000,0.95,0.050000000000000044,Large Sample,large_sample,10000,0.01
23,pre_drift,jeffreys,0.01,0.9452,0.003900929427873898,0.0548,0.008191138055938955,0.012092067483812726,8.195947325081077e-07,1.2071367923225903e-06,0.003900929427873898,3.74487663676334e-08,68,24,10000,0.01,0.01,10000,0.95,0.050000000000000044,Large Sample,large_sample,10000,0.01
24,pre_drift,jeffreys,0.01,0.9528,0.0039001388276272034,0.0472,0.008186734732098825,0.012086873559725785,7.983035859507456e-07,1.1755320771666565e-06,0.0039001388276272034,3.643112290469748e-08,68,24,10000,0.01,0.01,10000,0.95,0.050000000000000044,Large Sample,large_sample,10000,0.01
25,post_drift,jeffreys,0.010227272727272727,0.9472,0.003944849099545862,0.0573,0.008397963546306252,0.012342812645851946,8.354695125451498e-07,1.2252109318846053e-06,0.003944849099545862,3.724279868535878e-08,68,24,10000,0.01,0.01,10000,0.95,0.050000000000000044,Large Sample,large_sample,10000,0.01
26,post_drift,jeffreys,0.010454545454545454,0.9458,0.003989791255308193,0.0812,0.008612225480374134,0.012602016735682127,8.479687580032743e-07,1.2379338501466682e-06,0.003989791255308193,3.682255192080991e-08,68,24,10000,0.01,0.01,10000,0.95,0.050000000000000044,Large Sample,large_sample,10000,0.01
27,post_drift,jeffreys,0.010681818181818181,0.9454,0.004029311507251047,0.1164,0.008803625528057614,0.01283293703530848,8.82075038618666e-07,1.28258107309843e-06,0.004029311507251047,3.742122942779281e-08,68,24,10000,0.01,0.01,10000,0.95,0.050000000000000044,Large Sample,large_sample,10000,0.01
28,post_drift,jeffreys,0.01090909090909091,0.9459,0.004073113515505135,0.1603,0.009017317737833968,0.013090431253338872,8.858656639142382e-07,1.2827807300300155e-06,0.004073113515505135,3.6675901631997264e-08,68,24,10000,0.01,0.01,10000,0.95,0.050000000000000044,Large Sample,large_sample,10000,0.01
29,post_drift,jeffreys,0.011136363636363637,0.9523,0.004116123008320809,0.2146,0.009229626653165268,0.013345749661485756,8.871406049368124e-07,1.278985427651463e-06,0.004116123008320809,3.577940838417221e-08,68,24,10000,0.01,0.01,10000,0.95,0.050000000000000044,Large Sample,large_sample,10000,0.01
30,post_drift,jeffreys,0.011363636363636364,0.95,0.004155317217382503,0.2859,0.009426258129594432,0.013581575346976573,9.193642891905515e-07,1.3206225875360173e-06,0.004155317217382503,3.6275251994554835e-08,68,24,10000,0.01,0.01,10000,0.95,0.050000000000000044,Large Sample,large_sample,10000,0.01
31,post_drift,jeffreys,0.011590909090909091,0.9495,0.004198261013021133,0.3678,0.009643988239904209,0.01384224925292491,9.495558269103299e-07,1.3585555897233667e-06,0.004198261013021133,3.656917752404922e-08,68,24,10000,0.01,0.01,10000,0.95,0.050000000000000044,Large Sample,large_sample,10000,0.01
32,post_drift,jeffreys,0.011818181818181818,0.9453,0.00423753583319554,0.4483,0.009845667870424837,0.01408320370361987,9.880810024667628e-07,1.4088503424967177e-06,0.00423753583319554,3.726259105350197e-08,68,24,10000,0.01,0.01,10000,0.95,0.050000000000000044,Large Sample,large_sample,10000,0.01
33,post_drift,jeffreys,0.012045454545454545,0.9513,0.004276296049612094,0.5273,0.010045885268618344,0.014322181318230051,9.901072209864999e-07,1.4072420669763086e-06,0.004276296049612094,3.6611027960946254e-08,68,24,10000,0.01,0.01,10000,0.95,0.050000000000000044,Large Sample,large_sample,10000,0.01
34,post_drift,jeffreys,0.012272727272727274,0.9477,0.004316030888716301,0.6072,0.010253982921816715,0.014570013810532564,1.019136466555868e-06,1.4435352400458403e-06,0.004316030888716301,3.68859774369308e-08,68,24,10000,0.01,0.01,10000,0.95,0.050000000000000044,Large Sample,large_sample,10000,0.01
35,post_drift,jeffreys,0.0125,0.952,0.004352546300260472,0.6827,0.010446995012148512,0.014799541312408553,1.0389683521462573e-06,1.467129206595948e-06,0.004352546300260472,3.688547801838365e-08,68,24,10000,0.01,0.01,10000,0.95,0.050000000000000044,Large Sample,large_sample,10000,0.01
36,post_drift,jeffreys,0.012727272727272728,0.9539,0.004398477849118411,0.7587,0.010691792900362596,0.015090270749480765,1.0384680393214101e-06,1.4607233274551725e-06,0.004398477849118411,3.59660034357601e-08,68,24,10000,0.01,0.01,10000,0.95,0.050000000000000044,Large Sample,large_sample,10000,0.01
37,post_drift,jeffreys,0.012954545454545455,0.9527,0.004437351159319202,0.8149,0.010902580549525935,0.0153399317088449,1.090168884904208e-06,1.5287332035609786e-06,0.004437351159319202,3.702224805234838e-08,68,24,10000,0.01,0.01,10000,0.95,0.050000000000000044,Large Sample,large_sample,10000,0.01
38,post_drift,jeffreys,0.013181818181818182,0.9465,0.004469604651108906,0.8586,0.011078638944665663,0.015548243595774431,1.1152896825433257e-06,1.5599919378248917e-06,0.004469604651108906,3.7258300401392375e-08,68,24,10000,0.01,0.01,10000,0.95,0.050000000000000044,Large Sample,large_sample,10000,0.01
39,post_drift,jeffreys,0.013409090909090909,0.9509,0.004509119723820556,0.899,0.011295673795870237,0.015804793519690778,1.119322479509351e-06,1.56053519588062e-06,0.004509119723820556,3.660745288263642e-08,68,24,10000,0.01,0.01,10000,0.95,0.050000000000000044,Large Sample,large_sample,10000,0.01
40,post_drift,jeffreys,0.013636363636363637,0.9476,0.0045448340686301434,0.9278,0.011493914887971721,0.016038748956601793,1.128716897511007e-06,1.5695136482682718e-06,0.0045448340686301434,3.6284480348289363e-08,68,24,10000,0.01,0.01,10000,0.95,0.050000000000000044,Large Sample,large_sample,10000,0.01
41,post_drift,jeffreys,0.013863636363636364,0.9491,0.004584228403553319,0.9508,0.011715138857020777,0.01629936726057411,1.1610783673462067e-06,1.6096060817983194e-06,0.004584228403553319,3.6581681746892196e-08,68,24,10000,0.01,0.01,10000,0.95,0.050000000000000044,Large Sample,large_sample,10000,0.01
42,post_drift,jeffreys,0.014090909090909091,0.9494,0.004620032620733246,0.9685,0.011917623734401995,0.016537656355135436,1.1683051178678066e-06,1.615364320332966e-06,0.004620032620733246,3.616781477129306e-08,68,24,10000,0.01,0.01,10000,0.95,0.050000000000000044,Large Sample,large_sample,10000,0.01
43,post_drift,jeffreys,0.014318181818181818,0.9473,0.004656743148232679,0.9786,0.012127283247744694,0.016784026395977644,1.1825077638106423e-06,1.630745684009572e-06,0.004656743148232679,3.597233296942853e-08,68,24,10000,0.01,0.01,10000,0.95,0.050000000000000044,Large Sample,large_sample,10000,0.01
44,post_drift,jeffreys,0.014545454545454545,0.9536,0.004693725697950171,0.9874,0.012340685612229499,0.017034411310179902,1.2098980460277953e-06,1.6639637466696008e-06,0.004693725697950171,3.613086273830684e-08,68,24,10000,0.01,0.01,10000,0.95,0.050000000000000044,Large Sample,large_sample,10000,0.01
45,post_drift,jeffreys,0.014772727272727272,0.9526,0.004730009668187497,0.9939,0.012551038227086824,0.017281047895274574,1.1954986589586666e-06,1.639436670609288e-06,0.004730009668187497,3.500566899157436e-08,68,24,10000,0.01,0.01,10000,0.95,0.050000000000000044,Large Sample,large_sample,10000,0.01
46,post_drift,jeffreys,0.015,0.9516,0.004767391121885149,0.9965,0.012771169102427355,0.017538560224312792,1.2506692649324309e-06,1.7100530992797836e-06,0.004767391121885149,3.5888783573711103e-08,68,24,10000,0.01,0.01,10000,0.95,0.050000000000000044,Large Sample,large_sample,10000,0.01
47,post_drift,jeffreys,0.015227272727272728,0.9518,0.0048028916257691345,0.9982,0.012980933681564414,0.017783825307333904,1.2429426811230346e-06,1.695883462185749e-06,0.0048028916257691345,3.5143754580063403e-08,68,24,10000,0.01,0.01,10000,0.95,0.050000000000000044,Large Sample,large_sample,10000,0.01
48,post_drift,jeffreys,0.015454545454545453,0.9518,0.004838930874011844,0.9984,0.01319726689084466,0.018036197764856713,1.3108515561593807e-06,1.7849524143201075e-06,0.004838930874011844,3.6550023630405406e-08,68,24,10000,0.01,0.01,10000,0.95,0.050000000000000044,Large Sample,large_sample,10000,0.01
49,post_drift,jeffreys,0.015681818181818182,0.9524,0.0048727398401699025,0.9994,0.013400479320753106,0.01827321916092313,1.31461157568252e-06,1.7845069394117896e-06,0.0048727398401699025,3.586144258596431e-08,68,24,10000,0.01,0.01,10000,0.95,0.050000000000000044,Large Sample,large_sample,10000,0.01
50,post_drift,jeffreys,0.015909090909090907,0.9506,0.0049059251689250825,0.9995,0.013602224052647313,0.018508149221572442,1.3435967475493554e-06,1.8203899955319416e-06,0.0049059251689250825,3.616330665737576e-08,68,24,10000,0.01,0.01,10000,0.95,0.050000000000000044,Large Sample,large_sample,10000,0.01
51,post_drift,jeffreys,0.016136363636363636,0.9499,0.004936724258374768,0.9995,0.013790146202281818,0.01872687046065666,1.3311105086187536e-06,1.8006637907766205e-06,0.004936724258374768,3.542964352820527e-08,68,24,10000,0.01,0.01,10000,0.95,0.050000000000000044,Large Sample,large_sample,10000,0.01
52,post_drift,jeffreys,0.016363636363636365,0.9487,0.0049722727952840155,0.9999,0.014009313965176318,0.01898158676046041,1.3541889317225761e-06,1.8270587711758952e-06,0.0049722727952840155,3.536872659849481e-08,68,24,10000,0.01,0.01,10000,0.95,0.050000000000000044,Large Sample,large_sample,10000,0.01
53,post_drift,jeffreys,0.01659090909090909,0.9487,0.005006477820895962,1.0,0.014222715305147335,0.019229193126043428,1.41651149522553e-06,1.9070345690086195e-06,0.005006477820895962,3.6427591412660065e-08,68,24,10000,0.01,0.01,10000,0.95,0.050000000000000044,Large Sample,large_sample,10000,0.01
54,post_drift,jeffreys,0.01681818181818182,0.9505,0.0050441621458769716,0.9999,0.014457990217932962,0.01950215236380988,1.3905886409348628e-06,1.8674388004323106e-06,0.0050441621458769716,3.511321946936518e-08,68,24,10000,0.01,0.01,10000,0.95,0.050000000000000044,Large Sample,large_sample,10000,0.01
55,post_drift,jeffreys,0.017045454545454544,0.9543,0.005076717207027583,1.0,0.014663738948159033,0.019740456155186607,1.4135412722422725e-06,1.8943366700009657e-06,0.005076717207027583,3.515620513678264e-08,68,24,10000,0.01,0.01,10000,0.95,0.050000000000000044,Large Sample,large_sample,10000,0.01
56,post_drift,jeffreys,0.017272727272727273,0.9482,0.0051086059464762,1.0,0.014867171582728378,0.019975777529204645,1.4593011819209701e-06,1.9517756136056582e-06,0.0051086059464762,3.576590865652014e-08,68,24,10000,0.01,0.01,10000,0.95,0.050000000000000044,Large Sample,large_sample,10000,0.01
57,post_drift,jeffreys,0.0175,0.9522,0.005143679724518345,1.0,0.015092285002662848,0.020235964727181224,1.4890089768878354e-06,1.987645968668536e-06,0.005143679724518345,3.5973020174085726e-08,68,24,10000,0.01,0.01,10000,0.95,0.050000000000000044,Large Sample,large_sample,10000,0.01
58,post_drift,jeffreys,0.017727272727272727,0.9523,0.005172167517464167,1.0,0.015275934263295776,0.02044810178075999,1.4873441555033522e-06,1.9817544666580057e-06,0.005172167517464167,3.543910665062622e-08,68,24,10000,0.01,0.01,10000,0.95,0.050000000000000044,Large Sample,large_sample,10000,0.01
59,post_drift,jeffreys,0.017954545454545456,0.9505,0.005204558910291577,1.0,0.015487433141158994,0.02069199205145052,1.5574858880554971e-06,2.0710920344001486e-06,0.005204558910291577,3.656221113160693e-08,68,24,10000,0.01,0.01,10000,0.95,0.050000000000000044,Large Sample,large_sample,10000,0.01
60,post_drift,jeffreys,0.01818181818181818,0.9499,0.005236683344021296,1.0,0.015696676189197668,0.020933359533219065,1.5075281623806226e-06,2.000990023122559e-06,0.005236683344021296,3.489971191264474e-08,68,24,10000,0.01,0.01,10000,0.95,0.050000000000000044,Large Sample,large_sample,10000,0.01
61,post_drift,jeffreys,0.01840909090909091,0.9462,0.005268254007648061,1.0,0.015905906176691725,0.02117416018433999,1.58461583111343e-06,2.0996018912290584e-06,0.005268254007648061,3.619717067972729e-08,68,24,10000,0.01,0.01,10000,0.95,0.050000000000000044,Large Sample,large_sample,10000,0.01
62,post_drift,jeffreys,0.01863636363636364,0.949,0.005301891788180616,1.0,0.016129388208184305,0.021431279996365047,1.607855830613829e-06,2.1258845796840353e-06,0.005301891788180616,3.613740067076761e-08,68,24,10000,0.01,0.01,10000,0.95,0.050000000000000044,Large Sample,large_sample,10000,0.01
63,post_drift,jeffreys,0.018863636363636364,0.945,0.005332030389760596,1.0,0.01633102660043314,0.021663056990193913,1.6262507079878048e-06,2.1466641967080122e-06,0.005332030389760596,3.609100660121567e-08,68,24,10000,0.01,0.01,10000,0.95,0.050000000000000044,Large Sample,large_sample,10000,0.01
64,post_drift,jeffreys,0.019090909090909092,0.9508,0.005361996361965537,1.0,0.01653317117452741,0.0218951675364933,1.6664691096312883e-06,2.1961448119247576e-06,0.005361996361965537,3.6516776511903796e-08,68,24,10000,0.01,0.01,10000,0.95,0.050000000000000044,Large Sample,large_sample,10000,0.01
65,post_drift,jeffreys,0.019318181818181818,0.9541,0.0053968659656272846,1.0,0.016768323735989618,0.02216518970161713,1.6045262432720967e-06,2.110615182616157e-06,0.0053968659656272846,3.465683780100082e-08,68,24,10000,0.01,0.01,10000,0.95,0.050000000000000044,Large Sample,large_sample,10000,0.01
66,post_drift,jeffreys,0.019545454545454546,0.9526,0.005426096323264034,1.0,0.01696852676062605,0.022394623083890307,1.6661661073755153e-06,2.187254378774946e-06,0.005426096323264034,3.542029190609796e-08,68,24,10000,0.01,0.01,10000,0.95,0.050000000000000044,Large Sample,large_sample,10000,0.01
67,post_drift,jeffreys,0.019772727272727275,0.9545,0.005456107255307694,1.0,0.01717441774621055,0.022630525001518617,1.6582696744309286e-06,2.1741824517589655e-06,0.005456107255307694,3.490763192887382e-08,68,24,10000,0.01,0.01,10000,0.95,0.050000000000000044,Large Sample,large_sample,10000,0.01
68,post_drift,jeffreys,0.02,0.9534,0.005486815024448092,1.0,0.017386078547002585,0.022872893571450944,1.6311141204097216e-06,2.1347900163791282e-06,0.005486815024448092,3.385675364097094e-08,68,24,10000,0.01,0.01,10000,0.95,0.050000000000000044,Large Sample,large_sample,10000,0.01
1,pre_drift,cp,0.01,0.9524,0.003998877051653206,0.0476,0.008136925840628981,0.012135802892282293,8.288825369342384e-07,1.2212446366266104e-06,0.003998877051653206,3.7946914053200255e-08,68,24,10000,0.01,0.01,10000,0.95,0.050000000000000044,Large Sample,large_sample,10000,0.01
2,pre_drift,cp,0.01,0.9573,0.004003336317298351,0.0427,0.008156893723568582,0.012160230040867021,8.042021122834264e-07,1.183843019534963e-06,0.004003336317298351,3.663427482328746e-08,68,24,10000,0.01,0.01,10000,0.95,0.050000000000000044,Large Sample,large_sample,10000,0.01
3,pre_drift,cp,0.01,0.955,0.003997243306401075,0.045,0.008128687166699013,0.012125930473100236,8.065464624439452e-07,1.1892444637938448e-06,0.003997243306401075,3.7086951837877184e-08,68,24,10000,0.01,0.01,10000,0.95,0.050000000000000044,Large Sample,large_sample,10000,0.01
4,pre_drift,cp,0.01,0.9565,0.003997025809154604,0.0435,0.00812738642186955,0.01212441223102432,8.006023025575252e-07,1.1796916229763615e-06,0.003997025809154604,3.667140671633051e-08,68,24,10000,0.01,0.01,10000,0.95,0.050000000000000044,Large Sample,large_sample,10000,0.01
5,pre_drift,cp,0.01,0.953,0.004001179435285455,0.047,0.00814724821757545,0.012148427652860958,8.157073894086579e-07,1.2015510342972566e-06,0.004001179435285455,3.729401764063415e-08,68,24,10000,0.01,0.01,10000,0.95,0.050000000000000044,Large Sample,large_sample,10000,0.01
6,pre_drift,cp,0.01,0.9553,0.003997811537943714,0.0447,0.008131151396775093,0.01212896293471887,8.045332635177495e-07,1.1851908900694134e-06,0.003997811537943714,3.680179517425168e-08,68,24,10000,0.01,0.01,10000,0.95,0.050000000000000044,Large Sample,large_sample,10000,0.01
7,pre_drift,cp,0.01,0.9547,0.004002120013012328,0.0453,0.008151175241287341,0.012153295254299775,8.019765965505709e-07,1.1809740147950736e-06,0.004002120013012328,3.6603718026048736e-08,68,24,10000,0.01,0.01,10000,0.95,0.050000000000000044,Large Sample,large_sample,10000,0.01
8,pre_drift,cp,0.01,0.9542,0.004001746754873222,0.0458,0.008150153033039667,0.012151899787912986,8.23958509617721e-07,1.2135961836550054e-06,0.004001746754873222,3.765362470614425e-08,68,24,10000,0.01,0.01,10000,0.95,0.050000000000000044,Large Sample,large_sample,10000,0.01
9,pre_drift,cp,0.01,0.9538,0.003997983023119281,0.0462,0.008132385271604887,0.012130368294724317,8.164767427567632e-07,1.203258522978817e-06,0.003997983023119281,3.7429136892443734e-08,68,24,10000,0.01,0.01,10000,0.95,0.050000000000000044,Large Sample,large_sample,10000,0.01
10,pre_drift,cp,0.01,0.956,0.004001015234539139,0.044,0.008146270773270181,0.012147286007809467,8.062184271870961e-07,1.1883540418232321e-06,0.004001015234539139,3.699686882606369e-08,68,24,10000,0.01,0.01,10000,0.95,0.050000000000000044,Large Sample,large_sample,10000,0.01
11,pre_drift,cp,0.01,0.9568,0.004001463419057482,0.0432,0.008148505398739837,0.012149968817797417,8.157922887885697e-07,1.2010452693458798e-06,0.004001463419057482,3.7185866610917024e-08,68,24,10000,0.01,0.01,10000,0.95,0.050000000000000044,Large Sample,large_sample,10000,0.01
12,pre_drift,cp,0.01,0.9574,0.003998195267057418,0.0426,0.008132918484923311,0.012131113751980845,8.023741699840964e-07,1.1823684999573176e-06,0.003998195267057418,3.676450241224373e-08,68,24,10000,0.01,0.01,10000,0.95,0.050000000000000044,Large Sample,large_sample,10000,0.01
13,pre_drift,cp,0.01,0.9573,0.003998573161389735,0.0427,0.008134188388962318,0.012132761550352153,7.8859089127583e-07,1.1615431013883631e-06,0.003998573161389735,3.604225453081471e-08,68,24,10000,0.01,0.01,10000,0.95,0.050000000000000044,Large Sample,large_sample,10000,0.01
14,pre_drift,cp,0.01,0.955,0.004002467316706727,0.045,0.008152920653539654,0.012155387970246526,8.057793168039773e-07,1.1865606180457456e-06,0.004002467316706727,3.677610817527606e-08,68,24,10000,0.01,0.01,10000,0.95,0.050000000000000044,Large Sample,large_sample,10000,0.01
15,pre_drift,cp,0.01,0.9576,0.003999796114085439,0.0424,0.008140243581418271,0.012140039695503802,8.003564919761765e-07,1.1785562316969135e-06,0.003999796114085439,3.652371766725015e-08,68,24,10000,0.01,0.01,10000,0.95,0.050000000000000044,Large Sample,large_sample,10000,0.01
16,pre_drift,cp,0.01,0.9562,0.004003920838724447,0.0438,0.008159839900028668,0.012163760738753228,8.098852376667244e-07,1.1924540844383022e-06,0.004003920838724447,3.6936873089972526e-08,68,24,10000,0.01,0.01,10000,0.95,0.050000000000000044,Large Sample,large_sample,10000,0.01
17,pre_drift,cp,0.01,0.9562,0.0039975969915398216,0.0438,0.008130209270515165,0.012127806262055072,8.063385321701975e-07,1.1878913901277135e-06,0.0039975969915398216,3.6890239884777875e-08,68,24,10000,0.01,0.01,10000,0.95,0.050000000000000044,Large Sample,large_sample,10000,0.01
18,pre_drift,cp,0.01,0.9576,0.004002702926174872,0.0424,0.008154012199389372,0.012156715125564354,8.051460838878689e-07,1.1857051917018094e-06,0.004002702926174872,3.675963601824331e-08,68,24,10000,0.01,0.01,10000,0.95,0.050000000000000044,Large Sample,large_sample,10000,0.01
19,pre_drift,cp,0.01,0.9574,0.004002628696746677,0.0426,0.008153639506258326,0.012156268203005097,8.049603857021315e-07,1.1852699574642703e-06,0.004002628696746677,3.672232994424862e-08,68,24,10000,0.01,0.01,10000,0.95,0.050000000000000044,Large Sample,large_sample,10000,0.01
20,pre_drift,cp,0.01,0.9556,0.0040015566238775545,0.0444,0.008149048590133044,0.012150605214010637,8.166680072144584e-07,1.2030089511585486e-06,0.0040015566238775545,3.734457395653933e-08,68,24,10000,0.01,0.01,10000,0.95,0.050000000000000044,Large Sample,large_sample,10000,0.01
21,pre_drift,cp,0.01,0.9522,0.004006297422306871,0.0478,0.008171375128430435,0.012177672550737425,8.227399023655048e-07,1.2113078055025074e-06,0.004006297422306871,3.751248907064419e-08,68,24,10000,0.01,0.01,10000,0.95,0.050000000000000044,Large Sample,large_sample,10000,0.01
22,pre_drift,cp,0.01,0.9537,0.004001665277272689,0.0463,0.008149213897598952,0.012150879174871735,8.065585275906378e-07,1.187918562993315e-06,0.004001665277272689,3.684707037530344e-08,68,24,10000,0.01,0.01,10000,0.95,0.050000000000000044,Large Sample,large_sample,10000,0.01
23,pre_drift,cp,0.01,0.951,0.004000888579643973,0.049,0.008145994466551672,0.012146883046195786,8.191390874541532e-07,1.20658722572596e-06,0.004000888579643973,3.7449449069680286e-08,68,24,10000,0.01,0.01,10000,0.95,0.050000000000000044,Large Sample,large_sample,10000,0.01
24,pre_drift,cp,0.01,0.9571,0.004000097977379601,0.0429,0.008141591815534529,0.012141689792914186,7.978605930888022e-07,1.1749978345034732e-06,0.004000097977379601,3.6431785033130614e-08,68,24,10000,0.01,0.01,10000,0.95,0.050000000000000044,Large Sample,large_sample,10000,0.01
25,post_drift,cp,0.010227272727272727,0.9528,0.004044808641098935,0.0491,0.008352763368966601,0.012397572010065737,8.350203431170306e-07,1.2246702759105403e-06,0.004044808641098935,3.724344948991348e-08,68,24,10000,0.01,0.01,10000,0.95,0.050000000000000044,Large Sample,large_sample,10000,0.01
26,post_drift,cp,0.010454545454545454,0.9575,0.004089751179581707,0.0674,0.008566968593292448,0.012656719772874268,8.475288923996167e-07,1.2374055460294723e-06,0.004089751179581707,3.682316603190072e-08,68,24,10000,0.01,0.01,10000,0.95,0.050000000000000044,Large Sample,large_sample,10000,0.01
27,post_drift,cp,0.010681818181818181,0.9513,0.00412927175023189,0.0997,0.00875832010396912,0.012887591854201116,8.816316485755468e-07,1.282049527236254e-06,0.00412927175023189,3.7421829512997184e-08,68,24,10000,0.01,0.01,10000,0.95,0.050000000000000044,Large Sample,large_sample,10000,0.01
28,post_drift,cp,0.01090909090909091,0.9575,0.004173074102839988,0.1419,0.008971959194977182,0.013145033297817329,8.854349296979856e-07,1.2822653754499327e-06,0.004173074102839988,3.667646505294006e-08,68,24,10000,0.01,0.01,10000,0.95,0.050000000000000044,Large Sample,large_sample,10000,0.01
29,post_drift,cp,0.011136363636363637,0.9574,0.0042160839205567366,0.1893,0.009184216983386435,0.013400300903943216,8.86724298210199e-07,1.278488363790363e-06,0.0042160839205567366,3.577993380845027e-08,68,24,10000,0.01,0.01,10000,0.95,0.050000000000000044,Large Sample,large_sample,10000,0.01
30,post_drift,cp,0.011363636363636364,0.961,0.004255278409362516,0.2553,0.0093808031584863,0.0136360815678489,9.189454742401256e-07,1.3201233902793521e-06,0.004255278409362516,3.627576497338458e-08,68,24,10000,0.01,0.01,10000,0.95,0.050000000000000044,Large Sample,large_sample,10000,0.01
31,post_drift,cp,0.011590909090909091,0.9548,0.004298222500699523,0.3315,0.00959848451613991,0.013896707016839496,9.491372185877096e-07,1.3580575785039455e-06,0.004298222500699523,3.656967354752569e-08,68,24,10000,0.01,0.01,10000,0.95,0.050000000000000044,Large Sample,large_sample,10000,0.01
32,post_drift,cp,0.011818181818181818,0.9571,0.004337497579649576,0.4122,0.009800120524333334,0.014137618103982955,9.876576212577786e-07,1.4083474737441111e-06,0.004337497579649576,3.7263078396439106e-08,68,24,10000,0.01,0.01,10000,0.95,0.050000000000000044,Large Sample,large_sample,10000,0.01
33,post_drift,cp,0.012045454545454545,0.9513,0.00437625804605805,0.4919,0.010000295316076446,0.014376553362134618,9.896941002239795e-07,1.4067521149000839e-06,0.00437625804605805,3.661149109710816e-08,68,24,10000,0.01,0.01,10000,0.95,0.050000000000000044,Large Sample,large_sample,10000,0.01
34,post_drift,cp,0.012272727272727274,0.9526,0.004415993129847357,0.5705,0.010208350294389622,0.01462434342423706,1.01872336773783e-06,1.4430461091671364e-06,0.004415993129847357,3.688642719290288e-08,68,24,10000,0.01,0.01,10000,0.95,0.050000000000000044,Large Sample,large_sample,10000,0.01
35,post_drift,cp,0.0125,0.952,0.004452508759238556,0.6495,0.010401323780901582,0.01485383254014024,1.0385580947564025e-06,1.466644152726482e-06,0.004452508759238556,3.688591278252647e-08,68,24,10000,0.01,0.01,10000,0.95,0.050000000000000044,Large Sample,large_sample,10000,0.01
36,post_drift,cp,0.012727272727272728,0.9585,0.004498440574431467,0.7308,0.01064607379012343,0.015144514364554834,1.0380715353100234e-06,1.4602554070316002e-06,0.004498440574431467,3.596640933178002e-08,68,24,10000,0.01,0.01,10000,0.95,0.050000000000000044,Large Sample,large_sample,10000,0.01
37,post_drift,cp,0.012954545454545455,0.9527,0.004537314096776045,0.7887,0.010856822107327673,0.015394136204103818,1.0897634428351163e-06,1.528255414763954e-06,0.004537314096776045,3.702265255427743e-08,68,24,10000,0.01,0.01,10000,0.95,0.050000000000000044,Large Sample,large_sample,10000,0.01
38,post_drift,cp,0.013181818181818182,0.9519,0.004569567760798793,0.8361,0.011032848226202131,0.01560241598700086,1.1148840193373095e-06,1.5595144698779843e-06,0.004569567760798793,3.7258695949071865e-08,68,24,10000,0.01,0.01,10000,0.95,0.050000000000000044,Large Sample,large_sample,10000,0.01
39,post_drift,cp,0.013409090909090909,0.9556,0.004609083040157973,0.8823,0.01124984394271533,0.01585892698287307,1.1189268701509276e-06,1.5600702815271855e-06,0.004609083040157973,3.6607827525461455e-08,68,24,10000,0.01,0.01,10000,0.95,0.050000000000000044,Large Sample,large_sample,10000,0.01
40,post_drift,cp,0.013636363636363637,0.9575,0.004644797564840362,0.9143,0.011448050308966427,0.016092847873806486,1.1283271579529976e-06,1.5690562061528891e-06,0.004644797564840362,3.628484067154809e-08,68,24,10000,0.01,0.01,10000,0.95,0.050000000000000044,Large Sample,large_sample,10000,0.01
41,post_drift,cp,0.013863636363636364,0.9536,0.004684192090497836,0.94,0.011669236716691261,0.016353428807188666,1.1606881572783086e-06,1.609148744336961e-06,0.004684192090497836,3.6582032792609214e-08,68,24,10000,0.01,0.01,10000,0.95,0.050000000000000044,Large Sample,large_sample,10000,0.01
42,post_drift,cp,0.014090909090909091,0.9538,0.004719996476839471,0.9604,0.011871687864978253,0.016591684341817174,1.1679217041542136e-06,1.6149155145775483e-06,0.004719996476839471,3.6168151356921e-08,68,24,10000,0.01,0.01,10000,0.95,0.050000000000000044,Large Sample,large_sample,10000,0.01
43,post_drift,cp,0.014318181818181818,0.9563,0.004756707171941654,0.9743,0.012081313372243052,0.016838020544183954,1.182128737041877e-06,1.6303025620942172e-06,0.004756707171941654,3.597265778811204e-08,68,24,10000,0.01,0.01,10000,0.95,0.050000000000000044,Large Sample,large_sample,10000,0.01
44,post_drift,cp,0.014545454545454545,0.958,0.004793689884722031,0.9845,0.012294682066442351,0.0170883719511637,1.2095197823012202e-06,1.6635220910984905e-06,0.004793689884722031,3.6131178763612674e-08,68,24,10000,0.01,0.01,10000,0.95,0.050000000000000044,Large Sample,large_sample,10000,0.01
45,post_drift,cp,0.014772727272727272,0.9568,0.004829974012505175,0.9916,0.012505001900380263,0.017334975912884666,1.1951347100644513e-06,1.6390123156619476e-06,0.004829974012505175,3.500596476866262e-08,68,24,10000,0.01,0.01,10000,0.95,0.050000000000000044,Large Sample,large_sample,10000,0.01
46,post_drift,cp,0.015,0.9516,0.004867355619973706,0.9951,0.012725099888401797,0.017592455508374617,1.2502986703475446e-06,1.7096215904144146e-06,0.004867355619973706,3.588907671458211e-08,68,24,10000,0.01,0.01,10000,0.95,0.050000000000000044,Large Sample,large_sample,10000,0.01
47,post_drift,cp,0.015227272727272728,0.9558,0.004902856267879458,0.9971,0.012934833435895061,0.017837689703773602,1.2425816788280285e-06,1.695463556549879e-06,0.004902856267879458,3.5144034171558216e-08,68,24,10000,0.01,0.01,10000,0.95,0.050000000000000044,Large Sample,large_sample,10000,0.01
48,post_drift,cp,0.015454545454545453,0.9518,0.004938895654491377,0.9974,0.013151135979325159,0.01809003163381553,1.310477844899228e-06,1.7845181336799583e-06,0.004938895654491377,3.6550307761800305e-08,68,24,10000,0.01,0.01,10000,0.95,0.050000000000000044,Large Sample,large_sample,10000,0.01
49,post_drift,cp,0.015681818181818182,0.9565,0.004972704750672272,0.9992,0.013354319650186759,0.01832702440085817,1.314247666381606e-06,1.7840846757872782e-06,0.004972704750672272,3.586171099561117e-08,68,24,10000,0.01,0.01,10000,0.95,0.050000000000000044,Large Sample,large_sample,10000,0.01
50,post_drift,cp,0.015909090909090907,0.9542,0.005005890201497615,0.9994,0.013556036736204789,0.01856192693770167,1.3432314246743227e-06,1.8199664692918212e-06,0.005005890201497615,3.6163571303455335e-08,68,24,10000,0.01,0.01,10000,0.95,0.050000000000000044,Large Sample,large_sample,10000,0.01
51,post_drift,cp,0.016136363636363636,0.9593,0.005036689402772288,0.9995,0.013743933390164173,0.01878062279293573,1.330754009865059e-06,1.8002508104168042e-06,0.005036689402772288,3.542989767404091e-08,68,24,10000,0.01,0.01,10000,0.95,0.050000000000000044,Large Sample,large_sample,10000,0.01
52,post_drift,cp,0.016363636363636365,0.956,0.005072238064650486,0.9999,0.013963072206199845,0.01903531027084969,1.3538353491062381e-06,1.8266496856852066e-06,0.005072238064650486,3.53689721201222e-08,68,24,10000,0.01,0.01,10000,0.95,0.050000000000000044,Large Sample,large_sample,10000,0.01
53,post_drift,cp,0.01659090909090909,0.9536,0.005106443205509256,1.0,0.01417644625809021,0.01928288946359899,1.4161491925066168e-06,1.9066158175021675e-06,0.005106443205509256,3.64278378272262e-08,68,24,10000,0.01,0.01,10000,0.95,0.050000000000000044,Large Sample,large_sample,10000,0.01
54,post_drift,cp,0.01681818181818182,0.9594,0.005144127657257728,0.9999,0.014411691135200142,0.019555818792457335,1.390241601304025e-06,1.867038172245056e-06,0.005144127657257728,3.511344955776767e-08,68,24,10000,0.01,0.01,10000,0.95,0.050000000000000044,Large Sample,large_sample,10000,0.01
55,post_drift,cp,0.017045454545454544,0.9543,0.005176682823367441,1.0,0.014617414449489979,0.01979409727285706,1.4131955733993754e-06,1.8939379811614278e-06,0.005176682823367441,3.515642964029033e-08,68,24,10000,0.01,0.01,10000,0.95,0.050000000000000044,Large Sample,large_sample,10000,0.01
56,post_drift,cp,0.017272727272727273,0.9529,0.005208571662396184,1.0,0.014820822575337157,0.0200293942377329,1.4589512198992332e-06,1.951372391631185e-06,0.005208571662396184,3.576613137942905e-08,68,24,10000,0.01,0.01,10000,0.95,0.050000000000000044,Large Sample,large_sample,10000,0.01
57,post_drift,cp,0.0175,0.9522,0.005243645547612,1.0,0.015045909318584242,0.02028955486619594,1.488658666977822e-06,1.98724271588635e-06,0.005243645547612,3.5973238815081876e-08,68,24,10000,0.01,0.01,10000,0.95,0.050000000000000044,Large Sample,large_sample,10000,0.01
58,post_drift,cp,0.017727272727272727,0.9564,0.005272133426453371,1.0,0.015229537059769975,0.020501670486223027,1.4870006756203885e-06,1.9813594294142037e-06,0.005272133426453371,3.5439316887876464e-08,68,24,10000,0.01,0.01,10000,0.95,0.050000000000000044,Large Sample,large_sample,10000,0.01
59,post_drift,cp,0.017954545454545456,0.9505,0.005304524912697571,1.0,0.015441011991776213,0.020745536904473533,1.5571332391904993e-06,2.070686830078284e-06,0.005304524912697571,3.656242272732861e-08,68,24,10000,0.01,0.01,10000,0.95,0.050000000000000044,Large Sample,large_sample,10000,0.01
60,post_drift,cp,0.01818181818181818,0.9545,0.005336649439829305,1.0,0.01565023119652469,0.020986880636353653,1.5071931963887755e-06,2.0006054858706375e-06,0.005336649439829305,3.4899908838684126e-08,68,24,10000,0.01,0.01,10000,0.95,0.050000000000000044,Large Sample,large_sample,10000,0.01
61,post_drift,cp,0.01840909090909091,0.9553,0.005368220189911834,1.0,0.015859438423551638,0.021227658613463162,1.5842699053875945e-06,2.0992051000005493e-06,0.005368220189911834,3.6197370473145995e-08,68,24,10000,0.01,0.01,10000,0.95,0.050000000000000044,Large Sample,large_sample,10000,0.01
62,post_drift,cp,0.01863636363636364,0.9536,0.005401858061946711,1.0,0.01608289629123005,0.021484754353176434,1.6075123342231554e-06,2.125490973461496e-06,0.005401858061946711,3.613759467523451e-08,68,24,10000,0.01,0.01,10000,0.95,0.050000000000000044,Large Sample,large_sample,10000,0.01
63,post_drift,cp,0.018863636363636364,0.9534,0.0054319967434660055,1.0,0.016284513292669184,0.021716510036134763,1.62590906943545e-06,2.1462730233103564e-06,0.0054319967434660055,3.609119628100678e-08,68,24,10000,0.01,0.01,10000,0.95,0.050000000000000044,Large Sample,large_sample,10000,0.01
64,post_drift,cp,0.019090909090909092,0.9508,0.005461962792966278,1.0,0.016486636886851716,0.021948599679817632,1.666124880546761e-06,2.1957509806594692e-06,0.005461962792966278,3.651696433424652e-08,68,24,10000,0.01,0.01,10000,0.95,0.050000000000000044,Large Sample,large_sample,10000,0.01
65,post_drift,cp,0.019318181818181818,0.9594,0.005496832486614043,1.0,0.016721765027217707,0.022218597513831158,1.604201136535372e-06,2.110243560691084e-06,0.005496832486614043,3.4657011616949024e-08,68,24,10000,0.01,0.01,10000,0.95,0.050000000000000044,Large Sample,large_sample,10000,0.01
66,post_drift,cp,0.019545454545454546,0.9526,0.005526062915977666,1.0,0.016921948085319972,0.022448011001297206,1.6658355686378044e-06,2.1868769146431632e-06,0.005526062915977666,3.54204647863221e-08,68,24,10000,0.01,0.01,10000,0.95,0.050000000000000044,Large Sample,large_sample,10000,0.01
67,post_drift,cp,0.019772727272727275,0.9545,0.005556073920952064,1.0,0.0171278186527648,0.022683892573716474,1.6579449881460716e-06,2.173811894285696e-06,0.005556073920952064,3.4907799418149987e-08,68,24,10000,0.01,0.01,10000,0.95,0.050000000000000044,Large Sample,large_sample,10000,0.01
68,post_drift,cp,0.02,0.9608,0.005586781763687889,1.0,0.0173394587094555,0.022926240473142706,1.6308006716641383e-06,2.1344325882538366e-06,0.005586781763687889,3.3856912195692757e-08,68,24,10000,0.01,0.01,10000,0.95,0.050000000000000044,Large Sample,large_sample,10000,0.01
1,pre_drift,normal,0.01,0.9405,0.0038932188193606136,0.0595,0.008043180590319788,0.011936399409680023,8.29535328320777e-07,1.222829714839609e-06,0.0038932188193606136,3.80870627069197e-08,68,24,10000,0.01,0.01,10000,0.95,0.050000000000000044,Large Sample,large_sample,10000,0.01
2,pre_drift,normal,0.01,0.9463,0.003897686872274208,0.0537,0.008063156563863005,0.0119608434361368,8.048344612882367e-07,1.1853740589857001e-06,0.003897686872274208,3.676904053523053e-08,68,24,10000,0.01,0.01,10000,0.95,0.050000000000000044,Large Sample,large_sample,10000,0.01
3,pre_drift,normal,0.01,0.9454,0.0038915823809709087,0.0546,0.008034938809514627,0.011926521190485142,8.071825615059457e-07,1.1907929915193263e-06,0.0038915823809709087,3.722443763565827e-08,68,24,10000,0.01,0.01,10000,0.95,0.050000000000000044,Large Sample,large_sample,10000,0.01
4,pre_drift,normal,0.01,0.9467,0.0038913647241811747,0.0533,0.00803363763790954,0.011925002362090296,8.012329085625074e-07,1.181223203790575e-06,0.0038913647241811747,3.6806874296124796e-08,68,24,10000,0.01,0.01,10000,0.95,0.050000000000000044,Large Sample,large_sample,10000,0.01
5,pre_drift,normal,0.01,0.9444,0.0038955257149220755,0.0556,0.00805350714253904,0.01194903285746077,8.16349529701786e-07,1.2031090492625892e-06,0.0038955257149220755,3.743160951514474e-08,68,24,10000,0.01,0.01,10000,0.95,0.050000000000000044,Large Sample,large_sample,10000,0.01
6,pre_drift,normal,0.01,0.9447,0.0038921518510904867,0.0553,0.008037404074454834,0.011929555925544982,8.051667115567264e-07,1.1867282870909246e-06,0.0038921518510904867,3.6937638882121254e-08,68,24,10000,0.01,0.01,10000,0.95,0.050000000000000044,Large Sample,large_sample,10000,0.01
7,pre_drift,normal,0.01,0.9473,0.0038964683320310313,0.0527,0.008057435833984532,0.011953904166015212,8.026075769811684e-07,1.182503408532216e-06,0.0038964683320310313,3.673856661000468e-08,68,24,10000,0.01,0.01,10000,0.95,0.050000000000000044,Large Sample,large_sample,10000,0.01
8,pre_drift,normal,0.01,0.9433,0.0038960939224710438,0.0567,0.008056413038764575,0.011952506961235228,8.246070628266611e-07,1.2151694141438135e-06,0.0038960939224710438,3.779252032658272e-08,68,24,10000,0.01,0.01,10000,0.95,0.050000000000000044,Large Sample,large_sample,10000,0.01
9,pre_drift,normal,0.01,0.9445,0.0038923233577982897,0.0555,0.008038638321100966,0.011930961678898906,8.171200248253404e-07,1.2048216428320975e-06,0.0038923233577982897,3.75674953050748e-08,68,24,10000,0.01,0.01,10000,0.95,0.050000000000000044,Large Sample,large_sample,10000,0.01
10,pre_drift,normal,0.01,0.9476,0.0038953612911391067,0.0524,0.008052529354430486,0.011947890645569274,8.068538352058724e-07,1.1898989497624395e-06,0.0038953612911391067,3.713374632245808e-08,68,24,10000,0.01,0.01,10000,0.95,0.050000000000000044,Large Sample,large_sample,10000,0.01
11,pre_drift,normal,0.01,0.9473,0.003895810308047249,0.0527,0.0080547648459765,0.011950575154023327,8.164338777485216e-07,1.2025992234742321e-06,0.003895810308047249,3.732271803296068e-08,68,24,10000,0.01,0.01,10000,0.95,0.050000000000000044,Large Sample,large_sample,10000,0.01
12,pre_drift,normal,0.01,0.9473,0.003892536280088475,0.0527,0.00803917185995587,0.011931708140043943,8.030062411219031e-07,1.1839039505513803e-06,0.003892536280088475,3.690035773389046e-08,68,24,10000,0.01,0.01,10000,0.95,0.050000000000000044,Large Sample,large_sample,10000,0.01
13,pre_drift,normal,0.01,0.9487,0.0038929152092821626,0.0513,0.008040442395359004,0.011933357604640833,7.892116035599191e-07,1.1630487620674249e-06,0.0038929152092821626,3.617517124210108e-08,68,24,10000,0.01,0.01,10000,0.95,0.050000000000000044,Large Sample,large_sample,10000,0.01
14,pre_drift,normal,0.01,0.9456,0.0038968161955603236,0.0544,0.008059181902219947,0.011955998097779865,8.064132919313911e-07,1.1880972960911357e-06,0.0038968161955603236,3.6911608432188596e-08,68,24,10000,0.01,0.01,10000,0.95,0.050000000000000044,Large Sample,large_sample,10000,0.01
15,pre_drift,normal,0.01,0.9481,0.0038941402181190987,0.0519,0.008046499890940504,0.011940640109059271,8.009861600413151e-07,1.1800822722430942e-06,0.0038941402181190987,3.6658244154059777e-08,68,24,10000,0.01,0.01,10000,0.95,0.050000000000000044,Large Sample,large_sample,10000,0.01
16,pre_drift,normal,0.01,0.9463,0.003898272315566917,0.0537,0.008066103842216643,0.011964376157783174,8.105223015741566e-07,1.193997630385827e-06,0.003898272315566917,3.707289430680313e-08,68,24,10000,0.01,0.01,10000,0.95,0.050000000000000044,Large Sample,large_sample,10000,0.01
17,pre_drift,normal,0.01,0.9438,0.003891936874873487,0.0562,0.008036461562563322,0.011928398437436465,8.069734237080186e-07,1.1894323674347881e-06,0.003891936874873487,3.702640187059505e-08,68,24,10000,0.01,0.01,10000,0.95,0.050000000000000044,Large Sample,large_sample,10000,0.01
18,pre_drift,normal,0.01,0.9486,0.0038970522410253904,0.0514,0.008060273879487405,0.011957326120512413,8.057796195268306e-07,1.1872410453582754e-06,0.0038970522410253904,3.68950897569585e-08,68,24,10000,0.01,0.01,10000,0.95,0.050000000000000044,Large Sample,large_sample,10000,0.01
19,pre_drift,normal,0.01,0.9484,0.003896977902668312,0.0516,0.00805990104866592,0.0119568789513339,8.055936170443307e-07,1.1868043791090277e-06,0.003896977902668312,3.685756069546383e-08,68,24,10000,0.01,0.01,10000,0.95,0.050000000000000044,Large Sample,large_sample,10000,0.01
20,pre_drift,normal,0.01,0.9432,0.0038959035718337327,0.0568,0.008055308214083207,0.01195121178591663,8.173109332966364e-07,1.2045689888327046e-06,0.0038959035718337327,3.7482354647985503e-08,68,24,10000,0.01,0.01,10000,0.95,0.050000000000000044,Large Sample,large_sample,10000,0.01
21,pre_drift,normal,0.01,0.9439,0.0039006529938565436,0.0561,0.008077643503071844,0.011978296496928028,8.233870422742225e-07,1.2128756385898227e-06,0.0039006529938565436,3.7650645318789406e-08,68,24,10000,0.01,0.01,10000,0.95,0.050000000000000044,Large Sample,large_sample,10000,0.01
22,pre_drift,normal,0.01,0.9469,0.0038960126498137045,0.0531,0.008055473675093244,0.01195148632490657,8.071932965804233e-07,1.1894579348409448e-06,0.0038960126498137045,3.6982904430302535e-08,68,24,10000,0.01,0.01,10000,0.95,0.050000000000000044,Large Sample,large_sample,10000,0.01
23,pre_drift,normal,0.01,0.9391,0.00389523425760917,0.0609,0.008052252871195466,0.011947487128804285,8.197839344771681e-07,1.2081518518819998e-06,0.00389523425760917,3.758764030381158e-08,68,24,10000,0.01,0.01,10000,0.95,0.050000000000000044,Large Sample,large_sample,10000,0.01
24,pre_drift,normal,0.01,0.9474,0.00389444266256982,0.0526,0.008047848668715166,0.011942291331284617,7.984884243259692e-07,1.1765199933298927e-06,0.00389444266256982,3.656605489800707e-08,68,24,10000,0.01,0.01,10000,0.95,0.050000000000000044,Large Sample,large_sample,10000,0.01
25,post_drift,normal,0.010227272727272727,0.9442,0.003939234311542569,0.0527,0.008259102844228818,0.012198337155770912,8.356726311627106e-07,1.2262308109590547e-06,0.003939234311542569,3.737823782799037e-08,68,24,10000,0.01,0.01,10000,0.95,0.050000000000000044,Large Sample,large_sample,10000,0.01
26,post_drift,normal,0.010454545454545454,0.947,0.003984257158238196,0.0623,0.008473391420881046,0.012457648579118671,8.481856451066441e-07,1.2389534422615881e-06,0.003984257158238196,3.695365632174573e-08,68,24,10000,0.01,0.01,10000,0.95,0.050000000000000044,Large Sample,large_sample,10000,0.01
27,post_drift,normal,0.010681818181818181,0.9431,0.004023846626599153,0.0871,0.00866481668670057,0.012688663313299119,8.823101116729498e-07,1.2836278706088384e-06,0.004023846626599153,3.755207494857173e-08,68,24,10000,0.01,0.01,10000,0.95,0.050000000000000044,Large Sample,large_sample,10000,0.01
28,post_drift,normal,0.01090909090909091,0.9506,0.004067724465823903,0.1243,0.008878537767088199,0.012946262232911553,8.861114691280001e-07,1.2838178448697972e-06,0.004067724465823903,3.6801667984726223e-08,68,24,10000,0.01,0.01,10000,0.95,0.050000000000000044,Large Sample,large_sample,10000,0.01
29,post_drift,normal,0.011136363636363637,0.9498,0.004110807070705453,0.1631,0.00909087646464747,0.013201683535352211,8.873967915672072e-07,1.2800093362823047e-06,0.004110807070705453,3.589960928376335e-08,68,24,10000,0.01,0.01,10000,0.95,0.050000000000000044,Large Sample,large_sample,10000,0.01
30,post_drift,normal,0.011363636363636364,0.9532,0.004150066220404274,0.2278,0.00928753688979806,0.013437603110201585,9.19638175646994e-07,1.3216713380428383e-06,0.004150066220404274,3.639504696232367e-08,68,24,10000,0.01,0.01,10000,0.95,0.050000000000000044,Large Sample,large_sample,10000,0.01
31,post_drift,normal,0.011590909090909091,0.9489,0.004193080016431157,0.2992,0.009505299991784661,0.013698380008215088,9.49847986207939e-07,1.3596250842777264e-06,0.004193080016431157,3.668768335706791e-08,68,24,10000,0.01,0.01,10000,0.95,0.050000000000000044,Large Sample,large_sample,10000,0.01
32,post_drift,normal,0.011818181818181818,0.9486,0.0042324175957048436,0.3779,0.009707011202147854,0.013939428797851964,9.883931223975346e-07,1.409951228821581e-06,0.0042324175957048436,3.73813760250087e-08,68,24,10000,0.01,0.01,10000,0.95,0.050000000000000044,Large Sample,large_sample,10000,0.01
33,post_drift,normal,0.012045454545454545,0.9491,0.004271239168475488,0.4568,0.009907260415762549,0.01417849958423746,9.904273575647303e-07,1.4083342455567668e-06,0.004271239168475488,3.672598383711072e-08,68,24,10000,0.01,0.01,10000,0.95,0.050000000000000044,Large Sample,large_sample,10000,0.01
34,post_drift,normal,0.012272727272727274,0.9524,0.0043110355968505485,0.5345,0.01011539220157496,0.01442642779842494,1.0194740255433982e-06,1.4446474648478985e-06,0.0043110355968505485,3.699989316677672e-08,68,24,10000,0.01,0.01,10000,0.95,0.050000000000000044,Large Sample,large_sample,10000,0.01
35,post_drift,normal,0.0125,0.9418,0.0043476068063669614,0.6141,0.01030843659681669,0.014656043403183232,1.0393196804437256e-06,1.4682523268410013e-06,0.0043476068063669614,3.699768495533912e-08,68,24,10000,0.01,0.01,10000,0.95,0.050000000000000044,Large Sample,large_sample,10000,0.01
36,post_drift,normal,0.012727272727272728,0.9492,0.0043936076542466715,0.7011,0.010553276172876814,0.014946883827123097,1.0388281584855675e-06,1.4618324880976005e-06,0.0043936076542466715,3.607331874899518e-08,68,24,10000,0.01,0.01,10000,0.95,0.050000000000000044,Large Sample,large_sample,10000,0.01
37,post_drift,normal,0.012954545454545455,0.9444,0.0044325380609138085,0.7616,0.01076410096954326,0.015196639030456836,1.0905540538148358e-06,1.5298868250073416e-06,0.0044325380609138085,3.713110523565611e-08,68,24,10000,0.01,0.01,10000,0.95,0.050000000000000044,Large Sample,large_sample,10000,0.01
38,post_drift,normal,0.013181818181818182,0.943,0.004464838458948101,0.813,0.01094019077052605,0.015405029229474055,1.1156897413464002e-06,1.5611630678586622e-06,0.004464838458948101,3.736646680325994e-08,68,24,10000,0.01,0.01,10000,0.95,0.050000000000000044,Large Sample,large_sample,10000,0.01
39,post_drift,normal,0.013409090909090909,0.9472,0.004504410465285493,0.8644,0.011157264767357334,0.015661675232642846,1.1197315714259973e-06,1.5616990727551085e-06,0.004504410465285493,3.671201195550955e-08,68,24,10000,0.01,0.01,10000,0.95,0.050000000000000044,Large Sample,large_sample,10000,0.01
40,post_drift,normal,0.013636363636363637,0.9502,0.0045401754257716415,0.8996,0.011355542287114186,0.0158957177128859,1.129135469189166e-06,1.5706781122381826e-06,0.0045401754257716415,3.6386750444736965e-08,68,24,10000,0.01,0.01,10000,0.95,0.050000000000000044,Large Sample,large_sample,10000,0.01
41,post_drift,normal,0.013863636363636364,0.9479,0.00457962462211859,0.9294,0.011576807688940692,0.01615643231105953,1.161515970183962e-06,1.610793197707257e-06,0.00457962462211859,3.6683233382580705e-08,68,24,10000,0.01,0.01,10000,0.95,0.050000000000000044,Large Sample,large_sample,10000,0.01
42,post_drift,normal,0.014090909090909091,0.9485,0.004615478166834909,0.9528,0.011779330916582554,0.01639480908341787,1.1687515001536776e-06,1.6165495666479058e-06,0.004615478166834909,3.626687321975548e-08,68,24,10000,0.01,0.01,10000,0.95,0.050000000000000044,Large Sample,large_sample,10000,0.01
43,post_drift,normal,0.014318181818181818,0.9499,0.004652238517424919,0.9677,0.01198903074128759,0.01664126925871295,1.1829655039870528e-06,1.6319362296556895e-06,0.004652238517424919,3.606955731037231e-08,68,24,10000,0.01,0.01,10000,0.95,0.050000000000000044,Large Sample,large_sample,10000,0.01
44,post_drift,normal,0.014545454545454545,0.9524,0.004689270492062988,0.9795,0.01220247475396854,0.016891745246032024,1.2103726373874422e-06,1.6651722380403773e-06,0.004689270492062988,3.622715928901327e-08,68,24,10000,0.01,0.01,10000,0.95,0.050000000000000044,Large Sample,large_sample,10000,0.01
45,post_drift,normal,0.014772727272727272,0.9552,0.00472560262286369,0.9891,0.012412868688568246,0.0171384713114324,1.195974023649501e-06,1.640620865940817e-06,0.00472560262286369,3.509757482100424e-08,68,24,10000,0.01,0.01,10000,0.95,0.050000000000000044,Large Sample,large_sample,10000,0.01
46,post_drift,normal,0.015,0.9504,0.004763032538313552,0.9928,0.012633043730843374,0.01739607626915738,1.2511731935995363e-06,1.7112816254544541e-06,0.004763032538313552,3.598161255898325e-08,68,24,10000,0.01,0.01,10000,0.95,0.050000000000000044,Large Sample,large_sample,10000,0.01
47,post_drift,normal,0.015227272727272728,0.9493,0.004798578803239799,0.9961,0.012842850598380298,0.01764142940162059,1.2434482661898482e-06,1.6970969897756342e-06,0.004798578803239799,3.5233630396545586e-08,68,24,10000,0.01,0.01,10000,0.95,0.050000000000000044,Large Sample,large_sample,10000,0.01
48,post_drift,normal,0.015454545454545453,0.9453,0.004834663414697769,0.9967,0.013059228292651432,0.01789389170734969,1.3113893334186011e-06,1.7862250731221808e-06,0.004834663414697769,3.664254756663462e-08,68,24,10000,0.01,0.01,10000,0.95,0.050000000000000044,Large Sample,large_sample,10000,0.01
49,post_drift,normal,0.015681818181818182,0.9487,0.0048685149249992595,0.9991,0.013262482537500671,0.01813099746250047,1.315157978186329e-06,1.785772140866081e-06,0.0048685149249992595,3.59507485982092e-08,68,24,10000,0.01,0.01,10000,0.95,0.050000000000000044,Large Sample,large_sample,10000,0.01
50,post_drift,normal,0.015909090909090907,0.9488,0.004901741252467646,0.999,0.013464269373766507,0.018366010626234636,1.3441594949375947e-06,1.8216763075904374e-06,0.004901741252467646,3.6252483547074524e-08,68,24,10000,0.01,0.01,10000,0.95,0.050000000000000044,Large Sample,large_sample,10000,0.01
51,post_drift,normal,0.016136363636363636,0.9495,0.004932578180724661,0.9995,0.01365223090963803,0.018584809090363006,1.3316715592426006e-06,1.8019325942419625e-06,0.004932578180724661,3.55162686529659e-08,68,24,10000,0.01,0.01,10000,0.95,0.050000000000000044,Large Sample,large_sample,10000,0.01
52,post_drift,normal,0.016363636363636365,0.9506,0.004968169764325567,0.9999,0.013871445117837613,0.018839614882163597,1.3547656184417604e-06,1.8283402164266964e-06,0.004968169764325567,3.545399343714544e-08,68,24,10000,0.01,0.01,10000,0.95,0.050000000000000044,Large Sample,large_sample,10000,0.01
53,post_drift,normal,0.01659090909090909,0.9467,0.005002415472498788,1.0,0.014084892263750976,0.019087307736250118,1.4171196178825514e-06,1.908367177200275e-06,0.005002415472498788,3.6514430254245016e-08,68,24,10000,0.01,0.01,10000,0.95,0.050000000000000044,Large Sample,large_sample,10000,0.01
54,post_drift,normal,0.01681818181818182,0.9526,0.005040144581523525,0.9999,0.014320217709238628,0.019360362290762483,1.3911912304133682e-06,1.868738099422432e-06,0.005040144581523525,3.51957961584194e-08,68,24,10000,0.01,0.01,10000,0.95,0.050000000000000044,Large Sample,large_sample,10000,0.01
55,post_drift,normal,0.017045454545454544,0.9538,0.00507273763724682,1.0,0.014526011181377009,0.019598748818624154,1.4141583824359475e-06,1.8956500752999273e-06,0.00507273763724682,3.5237973155689416e-08,68,24,10000,0.01,0.01,10000,0.95,0.050000000000000044,Large Sample,large_sample,10000,0.01
56,post_drift,normal,0.017272727272727273,0.9523,0.005104663088425253,1.0,0.014729488455787762,0.019834151544213356,1.4599427492962864e-06,1.9531243288503967e-06,0.005104663088425253,3.5848205968063785e-08,68,24,10000,0.01,0.01,10000,0.95,0.050000000000000044,Large Sample,large_sample,10000,0.01
57,post_drift,normal,0.0175,0.9467,0.0051397768795039996,1.0,0.014954651560248399,0.020094428439752683,1.4896679809676028e-06,1.989015064748803e-06,0.0051397768795039996,3.605493790525955e-08,68,24,10000,0.01,0.01,10000,0.95,0.050000000000000044,Large Sample,large_sample,10000,0.01
58,post_drift,normal,0.017727272727272727,0.9479,0.0051682969788082065,1.0,0.015138341510596388,0.020306638489404817,1.4880065804321458e-06,1.983115313031799e-06,0.0051682969788082065,3.551898740934505e-08,68,24,10000,0.01,0.01,10000,0.95,0.050000000000000044,Large Sample,large_sample,10000,0.01
59,post_drift,normal,0.017954545454545456,0.9452,0.005200724422986406,1.0,0.015349887788507294,0.020550612211493943,1.5581840811435313e-06,2.072509670741473e-06,0.005200724422986406,3.6643753855108134e-08,68,24,10000,0.01,0.01,10000,0.95,0.050000000000000044,Large Sample,large_sample,10000,0.01
60,post_drift,normal,0.01818181818181818,0.9495,0.005232884734686979,1.0,0.015559177632657049,0.02079206236734422,1.5082080709102733e-06,2.002355526718226e-06,0.005232884734686979,3.4976732947898865e-08,68,24,10000,0.01,0.01,10000,0.95,0.050000000000000044,Large Sample,large_sample,10000,0.01
61,post_drift,normal,0.01840909090909091,0.9482,0.005264489780823951,1.0,0.015768455109588533,0.021032944890412884,1.5853344728732999e-06,2.101030699720068e-06,0.005264489780823951,3.6276305291778175e-08,68,24,10000,0.01,0.01,10000,0.95,0.050000000000000044,Large Sample,large_sample,10000,0.01
62,post_drift,normal,0.01863636363636364,0.9483,0.005298164081618453,1.0,0.01599198795919129,0.02129015204081009,1.6085898355361014e-06,2.1273264177778866e-06,0.005298164081618453,3.621548633125026e-08,68,24,10000,0.01,0.01,10000,0.95,0.050000000000000044,Large Sample,large_sample,10000,0.01
63,post_drift,normal,0.018863636363636364,0.9492,0.005328335065859663,1.0,0.016193672467070677,0.021522007532930734,1.6269968257427866e-06,2.148116390121818e-06,0.005328335065859663,3.6168294240218694e-08,68,24,10000,0.01,0.01,10000,0.95,0.050000000000000044,Large Sample,large_sample,10000,0.01
64,post_drift,normal,0.019090909090909092,0.9468,0.0053583328587767905,1.0,0.016395863570612127,0.021754196429389413,1.6672374381675528e-06,2.1976266947409755e-06,0.0053583328587767905,3.6594269542129104e-08,68,24,10000,0.01,0.01,10000,0.95,0.050000000000000044,Large Sample,large_sample,10000,0.01
65,post_drift,normal,0.019318181818181818,0.9575,0.005393239500783114,1.0,0.01663107024960905,0.022024309750392414,1.60527007217866e-06,2.1120352644051345e-06,0.005393239500783114,3.472961769238086e-08,68,24,10000,0.01,0.01,10000,0.95,0.050000000000000044,Large Sample,large_sample,10000,0.01
66,post_drift,normal,0.019545454545454546,0.9449,0.005422500247352727,1.0,0.016831319876324163,0.022253820123677368,1.666943030860426e-06,2.1887214772203876e-06,0.005422500247352727,3.549383589293334e-08,68,24,10000,0.01,0.01,10000,0.95,0.050000000000000044,Large Sample,large_sample,10000,0.01
67,post_drift,normal,0.019772727272727275,0.9482,0.005452542273369742,1.0,0.01703725886331569,0.02248980113668592,1.659045659661428e-06,2.175638018123995e-06,0.005452542273369742,3.4979599312610096e-08,68,24,10000,0.01,0.01,10000,0.95,0.050000000000000044,Large Sample,large_sample,10000,0.01
68,post_drift,normal,0.02,0.9545,0.005483281665039487,1.0,0.01724896916748078,0.022732250832520867,1.631881184171514e-06,2.136215400029432e-06,0.005483281665039487,3.3925856947977665e-08,68,24,10000,0.01,0.01,10000,0.95,0.050000000000000044,Large Sample,large_sample,10000,0.01
